{
    "TimeStamp": "2021-10-31T21:00:00+00:00",
    "ULX": 274478.49999992514,
    "ULY": 2792699.9829222434,
    "BRX": 343648.19594211614,
    "BRY": 2742996.340431619,
    "ULLatitude": 25.240158350326,
    "ULLongitude": 121.242979425101,
    "BRLatitude": 24.794122326525997,
    "BRLongitude": 121.9261972887608,
    "Width": 6916.9695942191,
    "Height": 4970.364249062445,
    "IsEmptyRasterMap": false
}